Segment,average_order_value
Consumer,223.7336438065883259
Corporate,233.8233002649006623
Home Office,240.9720406618059450
